x_mean,mean,sd,n,ci95,metric
-0.8910633068450536,3.5920760446156748,2.247675539302851,1453,0.11557313222245287,Pull
-0.2513543844168446,3.4482733777662764,2.1915391552794596,1452,0.11272545516503611,Pull
-0.01521529098556453,3.585630949653489,2.1826232979105322,1453,0.11222821381037046,Pull
0.331993019239555,3.704204421937893,2.3802560049608528,1452,0.1224324196636622,Pull
1.1058140773963165,4.475560321419799,2.895885273485535,1453,0.14890340076281902,Pull
-1.0216257002762519,3.5995110605907246,2.2393839301198204,1453,0.11514678632524009,GOE 1 s before throw
-0.33350967189890884,3.5062116268812975,2.131506587083539,1452,0.10963758034504535,GOE 1 s before throw
0.05735933724569048,3.4222160495566967,2.1510936598968433,1453,0.110606992704671,GOE 1 s before throw
0.4741303338308822,3.91005524661948,2.490613915790197,1452,0.12810886203948366,GOE 1 s before throw
1.14562194506014,4.367932679627794,2.890807739118886,1453,0.14864231924083798,GOE 1 s before throw
