decoy metric,outcome,coef,ci_lo,ci_hi,p,per_sd,n
GOE at throw,sep_throw,0.49846659881861544,0.4207109639660405,0.5762222336711904,3.3010573482771095e-36,0.3747262116174795,7269
GOE at throw,sep_post_throw,0.6023536267390834,0.5137881704843914,0.6909190829937755,1.5457255127569693e-40,0.4528241072459929,7269
GOE at throw,complete,0.02681542316619758,0.012226797543171686,0.04140404878922348,0.0003150267896205187,0.020158706641135036,7269
GOE at throw,yards,0.5006441296273247,0.19706893889103072,0.8042193203636188,0.001228003640442849,0.37636318764067117,7269
GOE 1 s before throw,sep_throw,0.22486887296860286,0.13798977861055603,0.31174796732664967,3.9165774904030436e-07,0.17471446531748508,7263
GOE 1 s before throw,sep_post_throw,0.20220488738425302,0.11462591295351075,0.28978386181499527,6.0332157186386575e-06,0.15710542022796864,7263
GOE 1 s before throw,complete,-0.014584536878886426,-0.02958404748702788,0.0004149737292550252,0.05668394974602808,-0.011331624199733348,7263
GOE 1 s before throw,yards,-0.2699932708493903,-0.5213396864744824,-0.01864685522429821,0.03525915329599692,-0.2097743868817116,7263
Pull (snap -> 1 s before throw),sep_throw,0.34763179240211806,0.2593925474471217,0.4358710373571144,1.1490254325303454e-14,0.25186779907702056,7263
Pull (snap -> 1 s before throw),sep_post_throw,0.357852367070572,0.26723004406046,0.44847469008068397,9.975413630193228e-15,0.2592728572544042,7263
Pull (snap -> 1 s before throw),complete,-0.001612609555871232,-0.016302170268240598,0.013076951156498134,0.8296398814891255,-0.0011683753571596063,7263
Pull (snap -> 1 s before throw),yards,-0.16044506709359546,-0.5051624987883852,0.18427236460119417,0.3616400661064355,-0.11624640439929615,7263
