nflId,rank,player,pos,pos_group,team,decoy_routes,pull,ci95,goe_pre
53484.0,1,Pat Freiermuth,TE,TE,PIT,81,0.2714400728633485,0.11161421227826872,0.26390664270138436
41236.0,2,Eric Ebron,TE,TE,PIT,92,0.23280290297557316,0.10888261307337434,0.3623252547622426
52766.0,3,Kendall Hinton,WR,WR,DEN,71,0.216345010211276,0.11649392157401127,0.08651417230722637
46118.0,4,Dallas Goedert,TE,TE,PHI,83,0.1671936479239866,0.09162497085925903,0.22569081559339793
43454.0,5,Tyreek Hill,WR,WR,KC,145,0.15110879339205208,0.07972038247401649,0.06472850527995433
46155.0,6,Mark Andrews,TE,TE,BAL,108,0.14676468054790032,0.09868189630859148,0.16712283130845512
44879.0,7,Alvin Kamara,RB,RB,NO,65,0.14061733797560036,0.10328873633585958,0.11003225375425393
44896.0,8,Chris Godwin,WR,WR,TB,213,0.13648653351829884,0.07460858533883452,0.11838245995001034
45267.0,9,Tim Patrick,WR,WR,DEN,177,0.13570911980656722,0.07719881319012808,0.08679137871981268
46992.0,10,KhaDarel Hodge,WR,WR,DET,65,0.1353515926324825,0.13991625833565327,0.19560975747373474
46111.0,11,Mike Gesicki,TE,TE,MIA,161,0.13214656962038793,0.07826667926113105,0.16856992939038787
44792.0,12,Mo Alie-Cox,TE,TE,IND,69,0.1282118177803645,0.1511880309189635,0.11598136613834435
46109.0,13,Courtland Sutton,WR,WR,DEN,163,0.12741991470655573,0.0725063101107759,0.14946220812832525
41238.0,14,Odell Beckham,WR,WR,CLE,90,0.12245836441586982,0.11922883454928823,0.13841237296259687
47839.0,15,Mecole Hardman,WR,WR,KC,159,0.11917141420256074,0.07620488349084734,0.09625102660182565
46095.0,16,Calvin Ridley,WR,WR,ATL,126,0.11781275964666874,0.07692961064408509,0.08653094250053069
48097.0,17,Jakobi Meyers,WR,WR,NE,178,0.11655433228815314,0.09925267543187667,0.08910621763094807
52467.0,18,Denzel Mims,WR,WR,NYJ,51,0.11429617227642794,0.16249933990511892,0.07769408024298652
53520.0,19,Anthony Schwartz,WR,WR,CLE,54,0.11349890231197385,0.17902613254684469,0.07437635879853371
39212.0,20,Brandon Bolden,RB,RB,NE,56,0.11190780907256186,0.07860653210889533,0.08228586742519654
52450.0,21,Laviska Shenault,WR,WR,JAX,137,0.10903330136382075,0.0904411166275697,0.0033414330297002704
40078.0,22,Kyle Juszczyk,FB,RB,SF,79,0.10145881332043212,0.10829041846328119,0.14216780956150377
42547.0,23,Darren Waller,TE,TE,LV,135,0.100578732370857,0.08771553515498759,0.05835133541438865
44853.0,24,Dalvin Cook,RB,RB,MIN,69,0.09635499109099394,0.10975409295531088,0.13357891571289088
52536.0,25,Gabe Davis,WR,WR,BUF,63,0.09620345116176679,0.12801550835753225,0.1998246551360039
41349.0,26,Logan Thomas,TE,TE,WAS,65,0.09155500136547934,0.1324378789527417,0.035343732933304055
42489.0,27,Stefon Diggs,WR,WR,BUF,134,0.09114613427229033,0.08436317380427122,0.155545218460135
43556.0,28,Chester Rogers,WR,WR,TEN,106,0.09078120178495007,0.11326972517796123,0.05713407562297012
43324.0,29,Hunter Henry,TE,TE,NE,144,0.08812535825237722,0.10484502172246286,0.09696860551472303
47859.0,30,Terry McLaurin,WR,WR,WAS,171,0.08777379400982972,0.07363435452494882,0.08475711567198231
53536.0,31,Michael Carter,RB,RB,NYJ,65,0.08549951130678383,0.08663192000891293,0.018787828171948295
46094.0,32,Hayden Hurst,TE,TE,ATL,112,0.08435178840085242,0.0930060004597381,0.022434525830114408
46705.0,33,Allen Lazard,WR,WR,GB,113,0.08430930134125855,0.09862320572344352,0.1059701677485949
46192.0,34,Durham Smythe,TE,TE,MIA,72,0.08423333105013318,0.12425683590743668,0.19635886041633954
47834.0,35,A.J. Brown,WR,WR,TEN,100,0.08211656698958557,0.09423721614228667,0.07445674751903077
47870.0,36,Damien Harris,RB,RB,NE,53,0.08035604752288236,0.11633767257645802,0.029027801078966693
47791.0,37,T.J. Hockenson,TE,TE,DET,177,0.07914967260087752,0.08124766867429178,0.14442712767943736
39989.0,38,Robert Woods,WR,WR,LA,167,0.07888859679938008,0.0619607447591256,0.051963111113166496
47954.0,39,Darius Slayton,WR,WR,NYG,67,0.07739516627012373,0.09700867623280343,0.04493399920667026
41290.0,40,Allen Robinson,WR,WR,CHI,122,0.07695422743048336,0.105341525098433,0.16855603758033402
40011.0,41,Travis Kelce,TE,TE,KC,171,0.07656829484467223,0.09042173692795022,-0.009317552297624522
46226.0,42,Tyler Conklin,TE,TE,MIN,120,0.07646812257288885,0.08299736602866288,0.09185510216375571
53433.0,43,Kyle Pitts,TE,TE,ATL,161,0.07474095894431367,0.07495909244549771,0.0635115260072956
46263.0,44,Russell Gage,WR,WR,ATL,83,0.07266335362110846,0.1120035193568438,0.0326274138696567
52430.0,45,Justin Jefferson,WR,WR,MIN,157,0.07138552410098507,0.08155403117202621,0.0775610876802891
44978.0,46,Jamal Agnew,WR,WR,JAX,77,0.0675691742252716,0.115965765106003,-0.01933504635933775
40024.0,47,Keenan Allen,WR,WR,LAC,162,0.063871790715163,0.08228472097592478,0.11636532828258354
43334.0,48,Derrick Henry,RB,RB,TEN,80,0.05963266182118998,0.08234527283644617,0.08350739544426353
46167.0,49,Jordan Akins,TE,TE,HOU,92,0.05869142697597803,0.10622125561898263,0.10012486939585705
47808.0,50,Marquise Brown,WR,WR,BAL,134,0.05836256593641962,0.08954505681930858,-0.05709351058183137
52523.0,51,Harrison Bryant,TE,TE,CLE,51,0.056466758436541246,0.15463551933565786,-0.11687962689117987
46522.0,52,Byron Pringle,WR,WR,KC,88,0.05390011123371359,0.1007978632495487,-0.03512511716283371
46256.0,53,Ray-Ray McCloud,WR,WR,PIT,68,0.05176812504215188,0.13187311771617355,-0.014143799539936565
52449.0,54,Jonathan Taylor,RB,RB,IND,68,0.050771127763708804,0.08503735541203979,-0.04579877343738356
48017.0,55,Myles Gaskin,RB,RB,MIA,75,0.04855755090503449,0.07364699352532092,0.008689199354785536
43329.0,56,Sterling Shepard,WR,WR,NYG,84,0.04766696697052358,0.11848508099440207,0.17317202776892332
48556.0,57,Jalen Guyton,WR,WR,LAC,154,0.04713512497781674,0.06501620617354413,0.03369730669545534
44816.0,58,Leonard Fournette,RB,RB,TB,127,0.04653190397278639,0.056478344830697524,0.1069250325348416
40488.0,59,Adam Thielen,WR,WR,MIN,169,0.04607950908540346,0.07694615049052783,0.026897934280033974
46093.0,60,D.J. Moore,WR,WR,CAR,155,0.045947639145045384,0.06452982216922797,0.04515071234740945
53511.0,61,Dyami Brown,WR,WR,WAS,88,0.04537383450570718,0.09189271072010988,-0.036142363584430445
47849.0,62,Diontae Johnson,WR,WR,PIT,110,0.04506828039705858,0.07946802444921947,0.08629076078177338
42589.0,63,Geoff Swaim,TE,TE,TEN,57,0.044689428928425756,0.16417832698967327,0.06486534173448895
44841.0,64,David Njoku,TE,TE,CLE,72,0.04252182468211658,0.12359370842205798,-0.0032601905441687986
45532.0,65,Blake Jarwin,TE,TE,DAL,77,0.04208157669132456,0.12699175410143387,0.08053091546899213
41282.0,66,Davante Adams,WR,WR,GB,95,0.04169309005290579,0.09309823064723498,0.06895791003110478
42347.0,67,Amari Cooper,WR,WR,DAL,154,0.04072318595244291,0.0738454693429807,0.043138731585082454
40026.0,68,Marquise Goodwin,WR,WR,CHI,63,0.040495226674246335,0.13396304131494108,0.05598436283313373
39973.0,69,DeAndre Hopkins,WR,WR,ARI,123,0.04045596852359349,0.08802913708169348,0.08963360891204895
44959.0,70,George Kittle,TE,TE,SF,68,0.04021722730430776,0.15506628732293004,0.045393817051384996
42437.0,71,Ty Montgomery,WR,WR,NO,51,0.03934100426100497,0.12320329940752643,0.09804652140829852
37079.0,72,Julio Jones,WR,WR,TEN,65,0.035523884694380475,0.10625540335634756,0.03343551789271019
53074.0,73,Nick Westbrook-Ikhine,WR,WR,TEN,84,0.03365753201535625,0.09218076097410897,0.037980912131781785
45102.0,74,Zach Pascal,WR,WR,IND,169,0.03232322150708809,0.08579928783331504,0.0530902834785977
45481.0,75,Ricky Seals-Jones,TE,TE,WAS,126,0.030941223525406854,0.1088863353769764,0.01968201405066813
38696.0,76,Marvin Jones,WR,WR,JAX,170,0.030347109950163934,0.06744798251904056,0.029325645586760395
44874.0,77,JuJu Smith-Schuster,WR,WR,PIT,83,0.029903755310882456,0.1286318363928343,0.07750989914006816
52457.0,78,Chase Claypool,WR,WR,PIT,125,0.029032415147387067,0.06668931268549884,0.026176988526009123
45607.0,79,Greg Ward,WR,WR,PHI,53,0.027621278246055668,0.15160109125270688,0.13623748587480553
48374.0,80,Olamide Zaccheaus,WR,WR,ATL,119,0.026985228326808483,0.08232045670118292,0.026559197794119263
40641.0,81,Jack Doyle,TE,TE,IND,95,0.025901448998320715,0.10886034484540683,0.05290787956108282
46526.0,82,Darrel Williams,RB,RB,KC,100,0.024287009072618052,0.07634596635255596,-0.04458001371923952
44931.0,83,Mack Hollins,WR,WR,MIA,75,0.024249903124209073,0.0794156896337517,0.01908096609692975
47836.0,84,Miles Sanders,RB,RB,PHI,72,0.02229557926424727,0.10277344175131896,0.011333909003765354
42033.0,85,Cameron Brate,TE,TE,TB,122,0.021539413240926043,0.09202830353080649,-0.023035561106412174
43808.0,86,Robby Anderson,WR,WR,CAR,177,0.021414631283384118,0.0634848917963624,0.016782076171713227
35521.0,87,Emmanuel Sanders,WR,WR,BUF,145,0.021183846897274056,0.08314542845133194,0.0918730797991658
46203.0,88,Chase Edmonds,RB,RB,ARI,88,0.01936656922446089,0.09770528196779162,0.0880092295474173
46206.0,89,Dalton Schultz,TE,TE,DAL,117,0.01784170120825623,0.08710740282186703,0.11577020049750533
46130.0,90,D.J. Chark,WR,WR,JAX,69,0.016975861706739967,0.0996249421291561,0.018187400644089313
52443.0,91,D'Andre Swift,RB,RB,DET,138,0.016383770603178267,0.058821845812572195,0.02020219894301361
53488.0,92,Terrace Marshall,WR,WR,CAR,97,0.015428776085835644,0.0820266620105281,-0.04795729182615839
53555.0,93,Chuba Hubbard,RB,RB,CAR,59,0.012208162996334806,0.09431261072849723,-0.0353312799197969
46116.0,94,Christian Kirk,WR,WR,ARI,110,0.011826602330997736,0.10599134664334825,0.13395198066906175
46277.0,95,Cedrick Wilson,WR,WR,DAL,122,0.011488196548537659,0.08456799571489183,-0.015804560192556664
52420.0,96,Henry Ruggs,WR,WR,LV,139,0.011404528900562847,0.07805369835758948,-0.020031029585593472
43429.0,97,Tajae Sharpe,WR,WR,ATL,81,0.0066218703694999855,0.1171999458667722,0.05496483812387182
53541.0,98,Amon-Ra St. Brown,WR,WR,DET,162,0.005330815538903161,0.07860443944528728,0.019234650993525393
44908.0,99,Kenny Golladay,WR,WR,NYG,84,0.005007988619007315,0.07392814678897532,0.044732614015971554
45573.0,100,Austin Ekeler,RB,RB,LAC,107,0.00468680646857659,0.06351100625501319,-0.02115934989152709
47847.0,101,DK Metcalf,WR,WR,SEA,110,0.003350332062232491,0.08089341208307185,0.0851120883946776
43344.0,102,Tyler Boyd,WR,WR,CIN,152,0.0019116847883714975,0.06999705552698163,0.029615093244790187
47819.0,103,Deebo Samuel,WR,WR,SF,111,0.0014562588745066858,0.09713591917467627,-0.042423878552628615
53623.0,104,Elijah Mitchell,RB,RB,SF,50,0.00013997934101250053,0.10594897327527807,-0.12710789632630776
46071.0,105,Saquon Barkley,RB,RB,NYG,75,9.616441496000272e-05,0.09791484610481349,0.12987563728882218
43584.0,106,Kalif Raymond,WR,WR,DET,188,-0.00026336776454541886,0.06534833436189902,-0.029306335242233788
52441.0,107,Tee Higgins,WR,WR,CIN,102,-0.0008375978664388835,0.07453839045809112,-0.05519942552552957
48053.0,108,Trinity Benson,WR,WR,DET,87,-0.0010925055525146416,0.09690282058114545,-0.004302072975284818
44819.0,109,Mike Williams,WR,WR,LAC,137,-0.0015775865522899436,0.06271804240036538,0.08241338497292484
44821.0,110,John Ross,WR,WR,NYG,64,-0.003239260893063382,0.09314012838185454,0.01720704348165933
39983.0,111,Zach Ertz,TE,TE,PHI,93,-0.0032613944346656975,0.12424637399852642,0.09956220958417339
52465.0,112,Van Jefferson,WR,WR,LA,159,-0.003552397914462397,0.06867278696293452,0.0651246026699208
52569.0,113,Tyler Johnson,WR,WR,TB,79,-0.003553442211508511,0.08019144921270899,-0.01299989921137513
47842.0,114,Parris Campbell,WR,WR,IND,58,-0.004372375426556228,0.07546934022153641,-0.002535637433292552
44817.0,115,Corey Davis,WR,WR,NYJ,112,-0.004455047877010128,0.09434580996295086,0.003211105185917671
44860.0,116,Joe Mixon,RB,RB,CIN,86,-0.00496105276406625,0.06213388241451802,0.044668924479779305
53463.0,117,Elijah Moore,WR,WR,NYJ,94,-0.005131874262390829,0.09868232479282123,0.019696418432699904
45555.0,118,Keelan Cole,WR,WR,NYJ,86,-0.005444207687385007,0.11744382055699866,0.029433636619252242
42428.0,119,Tyler Kroft,TE,TE,NYJ,81,-0.006907249929141431,0.12647694455843125,-0.08748646715115865
42448.0,120,Jamison Crowder,WR,WR,NYJ,87,-0.0076971413380450245,0.12677327251379236,-0.075517000312456
43370.0,121,Austin Hooper,TE,TE,CLE,78,-0.007905620583708662,0.10026738464639082,-0.02165655840762394
44835.0,122,Evan Engram,TE,TE,NYG,112,-0.008514093183601272,0.10337587625409975,-0.015577073001821732
44856.0,123,Gerald Everett,TE,TE,SEA,75,-0.008646379885904075,0.12608201317031906,-0.07299457025235387
37139.0,124,Randall Cobb,WR,WR,GB,86,-0.00885087005781923,0.11428305563492053,-0.010009973184492243
53512.0,125,Tommy Tremble,TE,TE,CAR,66,-0.009390675458672235,0.12466328252980992,-0.041194786592863686
52425.0,126,CeeDee Lamb,WR,WR,DAL,164,-0.0102097114593758,0.06113920765487516,0.01545304416362833
45185.0,127,Kendrick Bourne,WR,WR,NE,136,-0.010262983322308595,0.06931757600471483,-0.01781089699485706
43415.0,128,Demarcus Robinson,WR,WR,KC,170,-0.01159298159739404,0.05422027856299105,-0.060703476484029725
52573.0,129,Collin Johnson,WR,WR,NYG,64,-0.01168207811805502,0.09079862717419805,0.05286516907403835
47920.0,130,Foster Moreau,TE,TE,LV,71,-0.012765439212801597,0.1079001498017851,-0.12850862603383162
47803.0,131,Noah Fant,TE,TE,DEN,152,-0.013572882577193012,0.09458454843530537,0.02262176483604519
42794.0,132,DeAndre Carter,WR,WR,WAS,68,-0.015076916053532775,0.10494777060111536,-0.16174933081042464
47932.0,133,Hunter Renfrow,WR,WR,LV,116,-0.015328340857489164,0.0892308926699873,-0.1308897449091008
46173.0,134,Nyheim Hines,RB,RB,IND,62,-0.015551879507317672,0.07910505089926481,-0.027508307508007864
46170.0,135,Ian Thomas,TE,TE,CAR,92,-0.016108564803830782,0.12733487446820818,-0.07111061949423321
42500.0,136,C.J. Uzomah,TE,TE,CIN,156,-0.0169265796794803,0.0801833195556802,0.01085616988173823
43425.0,137,Devontae Booker,RB,RB,NYG,75,-0.017120633396710393,0.06749028058079956,0.06649105803038849
52433.0,138,Brandon Aiyuk,WR,WR,SF,114,-0.01751769080703304,0.09003423105948362,-0.06893529998689352
53435.0,139,Jaylen Waddle,WR,WR,MIA,178,-0.01933624967721363,0.07156944499926433,-0.03276233256511392
53453.0,140,Najee Harris,RB,RB,PIT,112,-0.01946170959657644,0.07327482006803344,0.04787550686079766
52500.0,141,Devin Duvernay,WR,WR,BAL,108,-0.02127225393267992,0.09760256086926926,-0.012060464645029844
42429.0,142,David Johnson,RB,RB,HOU,63,-0.021818950720857495,0.08342726101431394,0.03403889461614614
46189.0,143,Will Dissly,TE,TE,SEA,72,-0.02272068180998974,0.11372722600127835,-0.03627030007379492
47969.0,144,Ty Johnson,RB,RB,NYJ,67,-0.02335492566165976,0.06715982440760435,-0.038230781030655345
52609.0,145,James Proche,WR,WR,BAL,65,-0.024254978220557145,0.1304856742034918,-0.04610384351485475
41230.0,146,Sammy Watkins,WR,WR,BAL,69,-0.0244479986257216,0.10900485166493959,0.021432144934202146
44881.0,147,Cooper Kupp,WR,WR,LA,145,-0.02495470005854396,0.07909015846736353,-0.04755488638762932
43362.0,148,Kenyan Drake,RB,RB,LV,74,-0.02565249250563001,0.07700030696870479,-0.055220536694126396
53434.0,149,Ja'Marr Chase,WR,WR,CIN,159,-0.02741574331050213,0.06075273326431502,0.0344338208227412
42412.0,150,Tyler Lockett,WR,WR,SEA,117,-0.027553460380611985,0.08672086716321883,-0.07524635441612688
42469.0,151,Mike Davis,RB,RB,ATL,114,-0.028509068389350797,0.056849003344253975,-0.07222251990204913
48456.0,152,Donald Parham,TE,TE,LAC,57,-0.029078222447997983,0.14516238195033898,0.08457779800574017
41506.0,153,Albert Wilson,WR,WR,MIA,63,-0.029767707453452013,0.08416062509156808,0.04856216199641262
40149.0,154,Ryan Griffin,TE,TE,NYJ,74,-0.0307373040783084,0.13125489545373728,-0.05989516558728566
52581.0,155,Darnell Mooney,WR,WR,CHI,122,-0.030959180432184354,0.08365988832240324,0.051209525807219644
43399.0,156,Tyler Higbee,TE,TE,LA,157,-0.031156606496355214,0.07740112877739663,-0.11356075179490796
39975.0,157,Cordarrelle Patterson,RB,RB,ATL,76,-0.031234510722311547,0.08706507114951152,0.06369436219907461
52584.0,158,K.J. Osborn,WR,WR,MIN,141,-0.03232942650579495,0.07431317873959425,-0.13716407653439083
44995.0,159,Aaron Jones,RB,RB,GB,87,-0.033616341522024064,0.0671118770671712,0.00860466537519248
38947.0,160,Cole Beasley,WR,WR,BUF,139,-0.03410385854522674,0.07709714709657157,-0.06503216635656146
34540.0,161,Jared Cook,TE,TE,LAC,136,-0.034516980198828554,0.07655881938650685,0.027029665040270184
35634.0,162,Antonio Brown,WR,WR,TB,82,-0.0345700714664775,0.0771084693569717,-0.052844117349065696
52574.0,163,Quintez Cephus,WR,WR,DET,86,-0.03575004349803925,0.08789922714304922,-0.014163284311303852
42357.0,164,DeVante Parker,WR,WR,MIA,107,-0.036646605395312844,0.06358267826061727,0.0807649211385387
52442.0,165,Michael Pittman,WR,WR,IND,150,-0.03748889304558762,0.07915145671818379,-0.029125459856312468
44857.0,166,Adam Shaheen,TE,TE,MIA,50,-0.038339586605505224,0.12136199528224997,-0.007358945200311427
42363.0,167,Nelson Agholor,WR,WR,NE,172,-0.039473915370890685,0.05356751746017075,-0.0342766176343608
42419.0,168,Chris Conley,WR,WR,HOU,107,-0.039518599037964106,0.1012184166785087,0.017860712409412657
45785.0,169,Dan Arnold,TE,TE,JAX,100,-0.04379904812608485,0.09492809887590639,-0.022215917828028005
45635.0,170,Robert Tonyan,TE,TE,GB,108,-0.04388713532175016,0.08727479429973987,-0.020251884200373917
37077.0,171,A.J. Green,WR,WR,ARI,129,-0.04432152926709729,0.0733655946570474,-0.060709804718545445
52440.0,172,Clyde Edwards-Helaire,RB,RB,KC,56,-0.0462646781686701,0.06845775796594912,-0.0974698108556742
53098.0,173,Marquez Callaway,WR,WR,NO,83,-0.04664759542188912,0.12531078753274486,0.015300867710946095
52733.0,174,James Robinson,RB,RB,JAX,97,-0.047535238404002825,0.08058361344785214,-0.002389912573000782
42899.0,175,Damiere Byrd,WR,WR,CHI,67,-0.04932845992155626,0.12158748791322484,0.05699528431532344
52489.0,176,Bryan Edwards,WR,WR,LV,158,-0.04939381114339655,0.06737899541470067,0.03382072086086175
47857.0,177,Devin Singletary,RB,RB,BUF,84,-0.05213575504304413,0.08692980326775661,0.010959873001442706
52474.0,178,Antonio Gibson,RB,RB,WAS,62,-0.05317310217157316,0.08924590492349406,-0.023636820157064503
52622.0,179,Freddie Swain,WR,WR,SEA,119,-0.053567221612771644,0.10445685418887143,-0.1640026335589016
47853.0,180,Darrell Henderson,RB,RB,LA,119,-0.054351979426770926,0.06249501728034372,-0.06734142340164734
41325.0,181,Jerick McKinnon,RB,RB,KC,55,-0.05799362931453531,0.10067748613445543,-0.06422374491844225
43010.0,182,Adam Humphries,WR,WR,WAS,162,-0.06089736870547429,0.06722112434500747,-0.17138916703983284
53518.0,183,Nico Collins,WR,WR,HOU,70,-0.06111652412547312,0.08652838763011308,0.060722981227676595
43293.0,184,Ezekiel Elliott,RB,RB,DAL,122,-0.06134660062421488,0.06113956991678423,0.02082048188751823
47879.0,185,Dawson Knox,TE,TE,BUF,109,-0.06392689018555332,0.10868816817023746,0.15448924467884695
53439.0,186,DeVonta Smith,WR,WR,PHI,134,-0.06429966436240533,0.07073356721140475,-0.00448460140583166
52513.0,187,Adam Trautman,TE,TE,NO,62,-0.06445009288307063,0.1348824046015464,-0.04246647834141817
41246.0,188,Brandin Cooks,WR,WR,HOU,132,-0.06608638202266173,0.08032270233689671,-0.027746604481318826
46129.0,189,James Washington,WR,WR,PIT,89,-0.06778714935427403,0.07565240475259621,-0.025750977031324174
44975.0,190,Jeremy McNichols,RB,RB,TEN,60,-0.0680206301990534,0.07749256566215375,-0.0011196310140426638
52595.0,191,Donovan Peoples-Jones,WR,WR,CLE,85,-0.07594544978340893,0.1001379652641847,-0.09044265687555611
37118.0,192,Kyle Rudolph,TE,TE,NYG,76,-0.07961235717261583,0.10189522358827578,-0.013907640446041787
52429.0,193,Jalen Reagor,WR,WR,PHI,123,-0.08019645753150623,0.07212309624543993,-0.09476807288718266
53449.0,194,Kadarius Toney,WR,WR,NYG,65,-0.08513243190833429,0.10786539044662093,-0.08754015556229465
41233.0,195,Mike Evans,WR,WR,TB,202,-0.08826996444126645,0.05413210221862275,-0.013559860978663277
53464.0,196,Javonte Williams,RB,RB,DEN,68,-0.0888341751937509,0.12981730568278957,-0.06886433875407345
52608.0,197,Quez Watkins,WR,WR,PHI,112,-0.0900035238076431,0.08619189727611425,-0.06301934365155727
42358.0,198,Melvin Gordon,RB,RB,DEN,113,-0.09971396044799953,0.08046284936695976,-0.02320693343254554
44930.0,199,Josh Reynolds,WR,WR,TEN,50,-0.10190567221889035,0.14174902364893874,-0.047257763888810596
43722.0,200,J.D. McKissic,RB,RB,WAS,103,-0.10696060879348544,0.07018026636421239,-0.08023194228982648
35481.0,201,Rob Gronkowski,TE,TE,TB,54,-0.10802374571641862,0.14788961442826065,-0.0006369785333851159
52494.0,202,Zack Moss,RB,RB,BUF,62,-0.1080873063954086,0.11149828766417515,0.0020603676627672643
38613.0,203,Mohamed Sanu,WR,WR,SF,89,-0.11952969967286971,0.09546909311027006,-0.20273380493876256
52451.0,204,Cole Kmet,TE,TE,CHI,101,-0.12145369632047766,0.11032651241871082,-0.06582101135347217
43461.0,205,Rashard Higgins,WR,WR,CLE,78,-0.12378232779751837,0.09666084417007446,-0.15572773528863684
45355.0,206,Anthony Firkser,TE,TE,TEN,80,-0.13788325976628596,0.11963132580053105,-0.2400073438832791
46279.0,207,Braxton Berrios,WR,WR,NYJ,75,-0.14438320468518998,0.11971049318594969,-0.1359786247723897
44831.0,208,O.J. Howard,TE,TE,TB,55,-0.2260380993825633,0.17040259693885085,-0.086779173362107
53478.0,209,Rondale Moore,WR,WR,ARI,81,-0.2594228395899467,0.11460214801085858,-0.31261723216334525
44912.0,210,Jonnu Smith,TE,TE,NE,63,-0.3006505425323677,0.1571535690104255,-0.18164069451936085
