nflId,rank,player,pos,pos_group,team,decoy_routes,goe_pre,ci95,goe_throw,pull,routes,targets,tprr,target_sep,target_sep_adj,pull_rank
41236.0,1,Eric Ebron,TE,TE,PIT,92,0.3623252547622426,0.13135607970731275,0.44960326145582635,0.23280290297557316,105,12,0.11428571428571428,2.6668975672829482,-0.8392030001148729,2
53484.0,2,Pat Freiermuth,TE,TE,PIT,81,0.26390664270138436,0.13623514154605817,0.372516517716488,0.2714400728633485,110,27,0.24545454545454545,3.6640633569655825,-0.00669591289742193,1
46118.0,3,Dallas Goedert,TE,TE,PHI,83,0.22569081559339793,0.09931154286564095,0.12544234057475806,0.1671936479239866,111,28,0.25225225225225223,3.7711112080693057,0.37302993374593313,4
52536.0,4,Gabe Davis,WR,WR,BUF,63,0.1998246551360039,0.11010212462825972,0.19941296140231185,0.09620345116176679,74,11,0.14864864864864866,4.195455116105427,0.9380188941678181,25
46192.0,5,Durham Smythe,TE,TE,MIA,72,0.19635886041633954,0.15126447444621996,0.06724857288142155,0.08423333105013318,89,17,0.19101123595505617,4.197993463992874,-0.030614328994427648,34
46992.0,6,KhaDarel Hodge,WR,WR,DET,65,0.19560975747373474,0.13582601478734524,0.1622120351452172,0.1353515926324825,80,15,0.1875,2.9115648972238324,-0.5956223507613482,10
43329.0,7,Sterling Shepard,WR,WR,NYG,84,0.17317202776892332,0.0998502681213936,0.1010655848293017,0.04766696697052358,123,39,0.3170731707317073,3.322613946242469,-0.13280168838725578,56
46111.0,8,Mike Gesicki,TE,TE,MIA,161,0.16856992939038787,0.08621531379447651,0.16735091611883088,0.13214656962038793,205,44,0.2146341463414634,3.3049115570057386,0.027488061991991296,11
41290.0,9,Allen Robinson,WR,WR,CHI,122,0.16855603758033402,0.10717612970330319,0.22595590103402347,0.07695422743048336,166,44,0.26506024096385544,2.593676849444282,-0.7177460025889615,40
46155.0,10,Mark Andrews,TE,TE,BAL,108,0.16712283130845512,0.0992587942959443,0.160566442985151,0.14676468054790032,161,53,0.32919254658385094,3.8549778953565075,0.4804182826070267,6
42489.0,11,Stefon Diggs,WR,WR,BUF,134,0.155545218460135,0.08389525806281713,0.20411864589520323,0.09114613427229033,187,53,0.28342245989304815,2.886308547801739,-0.43912962569682695,27
47879.0,12,Dawson Knox,TE,TE,BUF,109,0.15448924467884695,0.120894599528095,0.11735887476479172,-0.06392689018555332,132,23,0.17424242424242425,4.864358226588457,0.9462310715941592,185
46109.0,13,Courtland Sutton,WR,WR,DEN,163,0.14946220812832525,0.07087325009607058,0.20659007642536883,0.12741991470655573,223,60,0.26905829596412556,2.767402287375492,-0.4219245031664655,13
47791.0,14,T.J. Hockenson,TE,TE,DET,177,0.14442712767943736,0.07983042858623852,0.18238116627996892,0.07914967260087752,243,66,0.2716049382716049,3.441575718441594,-0.26883791466972035,37
40078.0,15,Kyle Juszczyk,FB,RB,SF,79,0.14216780956150377,0.1017395639555712,0.1183924915273626,0.10145881332043212,95,16,0.16842105263157894,5.137783541393877,1.0691345753783088,22
41238.0,16,Odell Beckham,WR,WR,CLE,90,0.13841237296259687,0.10423043172707047,0.14018788544183575,0.12245836441586982,121,31,0.256198347107438,2.9316956466311117,-0.47757641297781517,14
45607.0,17,Greg Ward,WR,WR,PHI,53,0.13623748587480553,0.13440313099087192,0.1395924035113484,0.027621278246055668,56,3,0.05357142857142857,2.0915737042586913,-1.481185840807278,79
46116.0,18,Christian Kirk,WR,WR,ARI,110,0.13395198066906175,0.10449939382635921,0.12152195446554115,0.011826602330997736,146,36,0.2465753424657534,3.141592036429893,-0.16344788057883314,94
44853.0,19,Dalvin Cook,RB,RB,MIN,69,0.13357891571289088,0.0994488904176895,0.08274437911454242,0.09635499109099394,80,11,0.1375,5.465335492508104,0.28453590097276,24
46071.0,20,Saquon Barkley,RB,RB,NYG,75,0.12987563728882218,0.09641698795740397,0.07384977017285575,9.616441496000272e-05,89,14,0.15730337078651685,5.281968992712879,0.34754168201535063,105
44896.0,21,Chris Godwin,WR,WR,TB,213,0.11838245995001034,0.07338657709329076,0.17573126148756518,0.13648653351829884,265,52,0.19622641509433963,2.3066232336106016,-1.0854479178045424,8
40024.0,22,Keenan Allen,WR,WR,LAC,162,0.11636532828258354,0.0828781494806564,0.11616256999000711,0.063871790715163,223,61,0.273542600896861,3.18528431819722,-0.46288987110380814,47
44792.0,23,Mo Alie-Cox,TE,TE,IND,69,0.11598136613834435,0.15981282701334815,0.045112144898231184,0.1282118177803645,91,22,0.24175824175824176,3.8923356683306807,0.35649984760380105,12
46206.0,24,Dalton Schultz,TE,TE,DAL,117,0.11577020049750533,0.1045781651952262,0.13452662698139173,0.01784170120825623,156,39,0.25,3.444700811310212,-0.20856631292587202,89
44879.0,25,Alvin Kamara,RB,RB,NO,65,0.11003225375425393,0.11146433476797472,0.2513276048511913,0.14061733797560036,92,27,0.29347826086956524,5.374800847079377,0.5706300872784065,7
44816.0,26,Leonard Fournette,RB,RB,TB,127,0.1069250325348416,0.07773127295244488,0.08407307142343606,0.04653190397278639,156,29,0.1858974358974359,4.334285815685369,-0.38377783949212696,58
46705.0,27,Allen Lazard,WR,WR,GB,113,0.1059701677485949,0.09602652337913889,0.12830269482605214,0.08430930134125855,130,17,0.13076923076923078,2.797228392871295,-0.5670958729085546,33
46167.0,28,Jordan Akins,TE,TE,HOU,92,0.10012486939585705,0.11269770775884824,0.08051969386594839,0.05869142697597803,114,22,0.19298245614035087,3.524378001103551,-0.03969539616544515,49
39983.0,29,Zach Ertz,TE,TE,PHI,93,0.09956220958417339,0.11891050033784391,0.10949161160565463,-0.0032613944346656975,128,35,0.2734375,3.473727595456571,-0.1055384361771112,111
42437.0,30,Ty Montgomery,WR,WR,NO,51,0.09804652140829852,0.12875202298975902,0.0306514636628786,0.03934100426100497,58,7,0.1206896551724138,4.269737007103345,-0.1707148660531797,71
43324.0,31,Hunter Henry,TE,TE,NE,144,0.09696860551472303,0.11452628966385774,0.13365503977814305,0.08812535825237722,180,36,0.2,3.5025272788784383,-0.06258970821658644,29
47839.0,32,Mecole Hardman,WR,WR,KC,159,0.09625102660182565,0.07157721048617885,0.10215028677482399,0.11917141420256074,192,33,0.171875,5.016498011334801,1.2608710349971017,15
35521.0,33,Emmanuel Sanders,WR,WR,BUF,145,0.0918730797991658,0.07784442381667996,0.05765003841840384,0.021183846897274056,190,45,0.23684210526315788,3.1173831586929874,-0.08431369468660344,87
46226.0,34,Tyler Conklin,TE,TE,MIN,120,0.09185510216375571,0.07941925904720952,0.09968323803979576,0.07646812257288885,154,34,0.22077922077922077,4.520746829981819,0.4878541401790334,42
39973.0,35,DeAndre Hopkins,WR,WR,ARI,123,0.08963360891204895,0.09482396889786268,0.04826650534635344,0.04045596852359349,166,43,0.25903614457831325,3.0957664197951504,-0.23571229715765626,69
48097.0,36,Jakobi Meyers,WR,WR,NE,178,0.08910621763094807,0.10134491477748435,0.042515606884945184,0.11655433228815314,245,67,0.27346938775510204,3.104096960912661,-0.47474597885413133,17
46203.0,37,Chase Edmonds,RB,RB,ARI,88,0.0880092295474173,0.09836242412587347,0.09632604075376096,0.01936656922446089,113,25,0.22123893805309736,4.8162083368199555,-0.2149597300855133,88
45267.0,38,Tim Patrick,WR,WR,DEN,177,0.08679137871981268,0.07835659369281804,0.1215570253616905,0.13570911980656722,219,42,0.1917808219178082,3.280821579730998,-0.05771273672429861,9
46095.0,39,Calvin Ridley,WR,WR,ATL,126,0.08653094250053069,0.07647032611150098,0.136896901172997,0.11781275964666874,179,53,0.29608938547486036,3.6386035684008013,0.1747107443175297,16
52766.0,40,Kendall Hinton,WR,WR,DEN,71,0.08651417230722637,0.12373998893178821,0.2031585311756196,0.216345010211276,87,16,0.1839080459770115,3.6301697741324506,-0.022014175584772644,3
47849.0,41,Diontae Johnson,WR,WR,PIT,110,0.08629076078177338,0.07776348915579256,0.054891903058765276,0.04506828039705858,162,51,0.3148148148148148,3.248388956177627,-0.3879813040635304,62
47847.0,42,DK Metcalf,WR,WR,SEA,110,0.0851120883946776,0.08289165644033987,0.14332294794748146,0.003350332062232491,164,54,0.32926829268292684,3.4325276761441836,0.1280181384857284,101
47859.0,43,Terry McLaurin,WR,WR,WAS,171,0.08475711567198231,0.07594874173606404,0.08139057397810899,0.08777379400982972,243,72,0.2962962962962963,2.9911776925631433,-0.33652317822618116,30
48456.0,44,Donald Parham,TE,TE,LAC,57,0.08457779800574017,0.14872923623250298,0.04623017655992799,-0.029078222447997983,67,10,0.14925373134328357,4.6535281337980905,1.0328830760879177,152
43334.0,45,Derrick Henry,RB,RB,TEN,80,0.08350739544426353,0.10740209986397282,0.026333964661980958,0.05963266182118998,95,15,0.15789473684210525,5.989300562295642,1.3167444133363888,48
44819.0,46,Mike Williams,WR,WR,LAC,137,0.08241338497292484,0.06747708036424828,0.1290244025745638,-0.0015775865522899436,189,52,0.2751322751322751,2.5771412293397655,-0.874789638691181,109
39212.0,47,Brandon Bolden,RB,RB,NE,56,0.08228586742519654,0.095134407478349,0.1838854785124541,0.11190780907256186,70,14,0.2,5.257270372643234,0.29824062852307687,20
42357.0,48,DeVante Parker,WR,WR,MIA,107,0.0807649211385387,0.07576959177044572,0.06253932751969375,-0.036646605395312844,145,38,0.2620689655172414,2.666514444573608,-0.7781991136197901,164
45532.0,49,Blake Jarwin,TE,TE,DAL,77,0.08053091546899213,0.14362070696873006,-0.03766501028628697,0.04208157669132456,95,18,0.18947368421052632,3.5436085685442666,0.30099154428215424,65
52467.0,50,Denzel Mims,WR,WR,NYJ,51,0.07769408024298652,0.15404179781861194,0.067795273641354,0.11429617227642794,60,9,0.15,3.7517834013155724,0.2995802146852485,18
52430.0,51,Justin Jefferson,WR,WR,MIN,157,0.0775610876802891,0.0767805641231316,0.11068516021824101,0.07138552410098507,213,56,0.26291079812206575,2.3849548469813024,-0.7596999492620669,45
44874.0,52,JuJu Smith-Schuster,WR,WR,PIT,83,0.07750989914006816,0.13393817867738625,0.1383217674803854,0.029903755310882456,108,24,0.2222222222222222,3.680067615406257,-0.24552038676940016,77
47834.0,53,A.J. Brown,WR,WR,TEN,100,0.07445674751903077,0.10018074072922707,0.05544869025254504,0.08211656698958557,151,51,0.33774834437086093,3.126171473371604,-0.06383451836293702,35
53520.0,54,Anthony Schwartz,WR,WR,CLE,54,0.07437635879853371,0.1703242261213529,0.08511116232649003,0.11349890231197385,67,13,0.19402985074626866,2.7893106194117836,-0.5294519208516206,19
41282.0,55,Davante Adams,WR,WR,GB,95,0.06895791003110478,0.09831901947985641,0.1026991675984653,0.04169309005290579,157,62,0.39490445859872614,2.954911133910703,-0.31048512107247056,66
43425.0,56,Devontae Booker,RB,RB,NYG,75,0.06649105803038849,0.09171592620450651,0.027597243344043156,-0.017120633396710393,89,14,0.15730337078651685,4.409191063196411,-0.17697648616795417,137
52465.0,57,Van Jefferson,WR,WR,LA,159,0.0651246026699208,0.06400609164890962,0.03554256897577571,-0.003552397914462397,194,35,0.18041237113402062,3.218104136429571,-0.1696445258065229,112
42589.0,58,Geoff Swaim,TE,TE,TEN,57,0.06486534173448895,0.19990495498513275,0.042181084405738554,0.044689428928425756,73,16,0.2191780821917808,3.5964454180838583,-0.29063496828514757,63
43454.0,59,Tyreek Hill,WR,WR,KC,145,0.06472850527995433,0.08805171076122577,0.10452579558137381,0.15110879339205208,218,73,0.3348623853211009,3.626721970584802,0.11700519075893173,5
39975.0,60,Cordarrelle Patterson,RB,RB,ATL,76,0.06369436219907461,0.09549277864825564,0.12821537377496414,-0.031234510722311547,111,35,0.3153153153153153,4.28348619403928,-0.4661691480581023,157
53433.0,61,Kyle Pitts,TE,TE,ATL,161,0.0635115260072956,0.09194994744851606,0.10717344707945314,0.07474095894431367,218,56,0.25688073394495414,2.773684255009229,-0.5690961517641482,43
53518.0,62,Nico Collins,WR,WR,HOU,70,0.060722981227676595,0.10573516999349268,0.04314046780591267,-0.06111652412547312,88,18,0.20454545454545456,3.1660878353802104,-0.16311724065261113,183
42547.0,63,Darren Waller,TE,TE,LV,135,0.05835133541438865,0.09192546261984406,0.1213939510511867,0.100578732370857,181,46,0.2541436464088398,3.329259795684417,-0.17620282298263204,23
43556.0,64,Chester Rogers,WR,WR,TEN,106,0.05713407562297012,0.11718819801917509,0.10798119642558099,0.09078120178495007,129,23,0.17829457364341086,3.417085677538912,0.07878793957768693,28
42899.0,65,Damiere Byrd,WR,WR,CHI,67,0.05699528431532344,0.1447154680758072,0.06222231410454196,-0.04932845992155626,70,3,0.04285714285714286,7.204570858306781,2.733832782677196,175
40026.0,66,Marquise Goodwin,WR,WR,CHI,63,0.05598436283313373,0.11868354952088282,-0.0025565862001436707,0.040495226674246335,82,19,0.23170731707317074,2.7359724139273776,-0.721562356978155,68
43429.0,67,Tajae Sharpe,WR,WR,ATL,81,0.05496483812387182,0.12137634975080466,0.027972525771552976,0.0066218703694999855,101,20,0.19801980198019803,3.123101841533516,-0.28707831533480854,97
45102.0,68,Zach Pascal,WR,WR,IND,169,0.0530902834785977,0.09279778410306386,0.13960894464540527,0.03232322150708809,201,32,0.15920398009950248,3.5663319493182994,0.2189919151765653,74
40641.0,69,Jack Doyle,TE,TE,IND,95,0.05290787956108282,0.10463922306061589,0.08186594616279587,0.025901448998320715,110,15,0.13636363636363635,4.113747900998786,0.1904492581589355,81
52573.0,70,Collin Johnson,WR,WR,NYG,64,0.05286516907403835,0.09837598244700055,0.02041568961115515,-0.01168207811805502,85,21,0.24705882352941178,2.9077183029556517,-0.6359662414077318,129
39989.0,71,Robert Woods,WR,WR,LA,167,0.051963111113166496,0.06678575548261283,0.1085762998471139,0.07888859679938008,217,50,0.2304147465437788,3.6470115557449763,0.42182659095910524,38
52581.0,72,Darnell Mooney,WR,WR,CHI,122,0.051209525807219644,0.08642614334243677,0.06866370739209955,-0.030959180432184354,169,47,0.2781065088757396,3.235096646003141,-0.05521264092642151,155
41506.0,73,Albert Wilson,WR,WR,MIA,63,0.04856216199641262,0.10448634176690771,0.02406055079550889,-0.029767707453452013,75,12,0.16,3.944476472035363,0.7691876103855698,153
53453.0,74,Najee Harris,RB,RB,PIT,112,0.04787550686079766,0.07347862090566476,0.02457670662195994,-0.01946170959657644,157,43,0.27388535031847133,4.56760743617919,-0.633196227914154,140
44959.0,75,George Kittle,TE,TE,SF,68,0.045393817051384996,0.1716584347942846,0.11301134638908833,0.04021722730430776,88,20,0.22727272727272727,3.6034033105268852,-0.23320106182860484,70
46093.0,76,D.J. Moore,WR,WR,CAR,155,0.04515071234740945,0.06512296599413844,0.0821962618131272,0.045947639145045384,227,72,0.31718061674008813,3.3057069629665605,-0.054397431627805894,60
47954.0,77,Darius Slayton,WR,WR,NYG,67,0.04493399920667026,0.0953327103887198,0.08782422340910234,0.07739516627012373,92,25,0.2717391304347826,2.5889244041732313,-0.6458288971065663,39
44908.0,78,Kenny Golladay,WR,WR,NYG,84,0.044732614015971554,0.07875267078069137,0.053250371357485525,0.005007988619007315,112,28,0.25,2.693268665696338,-0.4528525654543945,99
44860.0,79,Joe Mixon,RB,RB,CIN,86,0.044668924479779305,0.07150769474112639,0.04156744476301299,-0.00496105276406625,101,15,0.1485148514851485,5.202998375387533,-0.2769184547900752,116
42347.0,80,Amari Cooper,WR,WR,DAL,154,0.043138731585082454,0.07967665828713864,0.07936118430490931,0.04072318595244291,205,51,0.24878048780487805,2.9366388642864782,-0.28754587570848145,67
53074.0,81,Nick Westbrook-Ikhine,WR,WR,TEN,84,0.037980912131781785,0.10859016128577606,0.09490004251014203,0.03365753201535625,106,22,0.20754716981132076,3.533604566801282,-0.07067790906402073,73
41349.0,82,Logan Thomas,TE,TE,WAS,65,0.035343732933304055,0.13195933133872545,0.12151724916033116,0.09155500136547934,78,13,0.16666666666666666,3.317368559362774,-0.023324711200863078,26
53434.0,83,Ja'Marr Chase,WR,WR,CIN,159,0.0344338208227412,0.06380460165224695,0.08745814831518345,-0.02741574331050213,215,56,0.26046511627906976,2.594218822985639,-0.5902365544297871,149
42429.0,84,David Johnson,RB,RB,HOU,63,0.03403889461614614,0.10529203390863541,0.018196296546489195,-0.021818950720857495,83,20,0.24096385542168675,5.137497878430549,0.4392963042037287,142
52489.0,85,Bryan Edwards,WR,WR,LV,158,0.03382072086086175,0.07800316888432902,0.06848969960974823,-0.04939381114339655,186,28,0.15053763440860216,2.717523454849921,-0.5634425376624771,176
48556.0,86,Jalen Guyton,WR,WR,LAC,154,0.03369730669545534,0.062435476684914004,0.04905988457545283,0.04713512497781674,174,20,0.11494252873563218,4.39178162553276,0.688085660844276,57
37079.0,87,Julio Jones,WR,WR,TEN,65,0.03343551789271019,0.12071794145409157,0.0851362403749264,0.035523884694380475,94,29,0.30851063829787234,2.810844823321037,-0.4890620946342642,72
46263.0,88,Russell Gage,WR,WR,ATL,83,0.0326274138696567,0.1089873143702796,0.1316571393848798,0.07266335362110846,95,12,0.12631578947368421,3.474446131880646,-0.1720640937087626,44
43344.0,89,Tyler Boyd,WR,WR,CIN,152,0.029615093244790187,0.07732167435666333,0.0649259218341869,0.0019116847883714975,202,50,0.24752475247524752,2.9381095335355507,-0.5979539789556716,102
45555.0,90,Keelan Cole,WR,WR,NYJ,86,0.029433636619252242,0.11297924727524959,0.08581089704550676,-0.005444207687385007,105,19,0.18095238095238095,3.739301483707879,0.42355279657554873,118
38696.0,91,Marvin Jones,WR,WR,JAX,170,0.029325645586760395,0.07281535611195576,0.07990189638945083,0.030347109950163934,219,49,0.2237442922374429,3.134419728324369,-0.06510154650513794,76
47870.0,92,Damien Harris,RB,RB,NE,53,0.029027801078966693,0.1079450753785006,0.08960464923566706,0.08035604752288236,62,9,0.14516129032258066,5.6065559930423134,0.4732898001080083,36
34540.0,93,Jared Cook,TE,TE,LAC,136,0.027029665040270184,0.09169487215333648,0.032283050701882414,-0.034516980198828554,173,37,0.2138728323699422,2.954003771969711,-0.5877357215942431,161
40488.0,94,Adam Thielen,WR,WR,MIN,169,0.026897934280033974,0.07270416720209436,0.06703897556337743,0.04607950908540346,220,51,0.2318181818181818,3.1623426978773574,-0.3682294302398371,59
48374.0,95,Olamide Zaccheaus,WR,WR,ATL,119,0.026559197794119263,0.09183958647037452,0.058090270556885905,0.026985228326808483,141,21,0.14893617021276595,3.7887213131293307,0.2765285252332851,80
52457.0,96,Chase Claypool,WR,WR,PIT,125,0.026176988526009123,0.0706242652232687,0.029530876933619162,0.029032415147387067,162,37,0.22839506172839505,2.8429053809946714,-0.47416015452976296,78
47803.0,97,Noah Fant,TE,TE,DEN,152,0.02262176483604519,0.0872540427456706,0.007399895372212439,-0.013572882577193012,201,49,0.24378109452736318,4.676600597340555,0.5562978663822928,131
46094.0,98,Hayden Hurst,TE,TE,ATL,112,0.022434525830114408,0.10601574292569202,0.046657995470011614,0.08435178840085242,134,22,0.16417910447761194,5.3465840291464,0.9012015377725157,32
41230.0,99,Sammy Watkins,WR,WR,BAL,69,0.021432144934202146,0.1234566802304953,0.009722717983126015,-0.0244479986257216,102,32,0.3137254901960784,3.850999165485485,0.4980783375163513,146
43293.0,100,Ezekiel Elliott,RB,RB,DAL,122,0.02082048188751823,0.08679571189162544,0.0551938049536251,-0.06134660062421488,148,26,0.17567567567567569,5.142738060630406,0.38240251608750797,184
52443.0,101,D'Andre Swift,RB,RB,DET,138,0.02020219894301361,0.0601677554625231,0.007812603790852225,0.016383770603178267,185,47,0.25405405405405407,5.123688988895682,0.21153545715495314,91
53463.0,102,Elijah Moore,WR,WR,NYJ,94,0.019696418432699904,0.10298397561034862,0.13214547815339667,-0.005131874262390829,125,31,0.248,3.6977059250684383,0.40025152722611496,117
45481.0,103,Ricky Seals-Jones,TE,TE,WAS,126,0.01968201405066813,0.09921613460651078,-0.04725045345247837,0.030941223525406854,157,31,0.19745222929936307,3.490533652050439,-0.3424509732316649,75
53541.0,104,Amon-Ra St. Brown,WR,WR,DET,162,0.019234650993525393,0.08453096934602483,0.061671879248228284,0.005330815538903161,201,39,0.19402985074626866,3.5832262319832373,-0.10314744381497198,98
44931.0,105,Mack Hollins,WR,WR,MIA,75,0.01908096609692975,0.08398300901882626,0.023161745513768456,0.024249903124209073,84,9,0.10714285714285714,3.432229772995539,0.450539325333747,83
53536.0,106,Michael Carter,RB,RB,NYJ,65,0.018787828171948295,0.08699664127002128,0.10201546156037612,0.08549951130678383,94,29,0.30851063829787234,5.277825397904608,0.2279875458106554,31
46130.0,107,D.J. Chark,WR,WR,JAX,69,0.018187400644089313,0.10602767885524408,0.13563112498522323,0.016975861706739967,90,21,0.23333333333333334,3.3697501214068204,0.3420511674105464,90
42419.0,108,Chris Conley,WR,WR,HOU,107,0.017860712409412657,0.09963557400373069,0.05037469282255925,-0.039518599037964106,121,14,0.11570247933884298,3.4701949842625632,0.2781310403303121,168
44821.0,109,John Ross,WR,WR,NYG,64,0.01720704348165933,0.08587608196967493,0.042347140229708466,-0.003239260893063382,78,14,0.1794871794871795,3.0396847777481506,-0.14536744189692236,110
43808.0,110,Robby Anderson,WR,WR,CAR,177,0.016782076171713227,0.07181416923245106,0.02338951178410447,0.021414631283384118,226,49,0.2168141592920354,3.2956271385963953,-0.13844494151361816,86
52425.0,111,CeeDee Lamb,WR,WR,DAL,164,0.01545304416362833,0.06017698133294584,-0.0014652844852403016,-0.0102097114593758,213,49,0.2300469483568075,3.30871555604266,-0.037860296417978605,126
53098.0,112,Marquez Callaway,WR,WR,NO,83,0.015300867710946095,0.11727214010266332,-0.023597899879620896,-0.04664759542188912,117,34,0.2905982905982906,2.971678738727843,-0.438172653588602,173
47836.0,113,Miles Sanders,RB,RB,PHI,72,0.011333909003765354,0.09905756089265101,0.06506031138573715,0.02229557926424727,85,13,0.15294117647058825,5.361441052362807,-0.22731525040897202,84
47857.0,114,Devin Singletary,RB,RB,BUF,84,0.010959873001442706,0.0893014092352788,-0.030531092343540105,-0.05213575504304413,98,14,0.14285714285714285,6.091311614344447,0.8748807163103063,177
42500.0,115,C.J. Uzomah,TE,TE,CIN,156,0.01085616988173823,0.08920305812585361,0.055378281695620174,-0.0169265796794803,176,20,0.11363636363636363,4.321450950552253,0.41591194914197943,136
48017.0,116,Myles Gaskin,RB,RB,MIA,75,0.008689199354785536,0.08623403889838917,0.07655087910694688,0.04855755090503449,108,33,0.3055555555555556,5.056185918246062,-0.3631222736391395,55
44995.0,117,Aaron Jones,RB,RB,GB,87,0.00860466537519248,0.06859130451832937,0.04675801310517561,-0.033616341522024064,110,23,0.20909090909090908,5.1597300705383775,-0.3067189230494719,159
52450.0,118,Laviska Shenault,WR,WR,JAX,137,0.0033414330297002704,0.09154188889238041,-0.0060258450159697136,0.10903330136382075,177,40,0.22598870056497175,3.8282036079939,0.12160305472200042,21
44817.0,119,Corey Davis,WR,WR,NYJ,112,0.003211105185917671,0.10135020276773317,0.09169128785717964,-0.004455047877010128,158,46,0.2911392405063291,3.2503633197951918,0.011754504390614859,115
52494.0,120,Zack Moss,RB,RB,BUF,62,0.0020603676627672643,0.09651938231162777,-0.06638436211998819,-0.1080873063954086,75,13,0.17333333333333334,4.891092931695532,-0.06978952526372707,202
35481.0,121,Rob Gronkowski,TE,TE,TB,54,-0.0006369785333851159,0.15832964752472456,0.031175879958257095,-0.10802374571641862,75,21,0.28,3.252164053920345,-0.4378291772486421,201
44975.0,122,Jeremy McNichols,RB,RB,TEN,60,-0.0011196310140426638,0.08483624922365475,-0.11373969836883878,-0.0680206301990534,76,16,0.21052631578947367,5.605372710350501,0.8141722782561222,190
52733.0,123,James Robinson,RB,RB,JAX,97,-0.002389912573000782,0.08139515563893247,-0.07420886284850754,-0.047535238404002825,121,24,0.19834710743801653,6.0766871737636245,0.6177491441455683,174
47842.0,124,Parris Campbell,WR,WR,IND,58,-0.002535637433292552,0.09337899649742326,0.055336496130601834,-0.004372375426556228,78,20,0.2564102564102564,3.314647291987717,0.06372738119814654,114
44841.0,125,David Njoku,TE,TE,CLE,72,-0.0032601905441687986,0.12349052347291141,-0.054496072786552725,0.04252182468211658,92,20,0.21739130434782608,3.4670341279950243,-0.05213984845416053,64
48053.0,126,Trinity Benson,WR,WR,DET,87,-0.004302072975284818,0.10318393951056808,0.06969850250553355,-0.0010925055525146416,102,15,0.14705882352941177,2.513822489883285,-0.9203666524669348,108
53439.0,127,DeVonta Smith,WR,WR,PHI,134,-0.00448460140583166,0.06911791238912333,-0.022384077009237967,-0.06429966436240533,186,52,0.27956989247311825,2.901866078126864,-0.2976428046743532,186
44857.0,128,Adam Shaheen,TE,TE,MIA,50,-0.007358945200311427,0.1655129572664154,0.0066555118779990565,-0.038339586605505224,61,11,0.18032786885245902,3.5977090074903733,-0.20200653217980324,166
40011.0,129,Travis Kelce,TE,TE,KC,171,-0.009317552297624522,0.0852365343825069,0.11616127921085534,0.07656829484467223,242,71,0.29338842975206614,3.1646123136264914,-0.36741407400057025,41
37139.0,130,Randall Cobb,WR,WR,GB,86,-0.010009973184492243,0.09877238172505888,-0.0906216700759775,-0.00885087005781923,102,16,0.1568627450980392,2.2553892752393336,-1.0117014106434903,124
52500.0,131,Devin Duvernay,WR,WR,BAL,108,-0.012060464645029844,0.0859528921361668,-0.03771132255487993,-0.02127225393267992,125,16,0.128,3.5726972329572155,-0.02883878834870164,141
52569.0,132,Tyler Johnson,WR,WR,TB,79,-0.01299989921137513,0.08096674055148563,-0.010229261625958243,-0.003553442211508511,96,17,0.17708333333333334,3.2390180073042556,-0.1631134785898513,113
41233.0,133,Mike Evans,WR,WR,TB,202,-0.013559860978663277,0.05935795370707588,-0.03418648659418786,-0.08826996444126645,261,59,0.2260536398467433,2.573972655877788,-0.7311524078736055,195
37118.0,134,Kyle Rudolph,TE,TE,NYG,76,-0.013907640446041787,0.13014469499302958,-0.010531079961979857,-0.07961235717261583,93,17,0.1827956989247312,2.954326272436602,-0.5277653178191307,192
46256.0,135,Ray-Ray McCloud,WR,WR,PIT,68,-0.014143799539936565,0.16048172630847293,0.07495003790321884,0.05176812504215188,77,7,0.09090909090909091,4.280632456958096,0.40057109649196093,53
52574.0,136,Quintez Cephus,WR,WR,DET,86,-0.014163284311303852,0.08928077508690961,-0.00779712405178306,-0.03575004349803925,109,23,0.21100917431192662,3.2227158305059254,-0.07751374224682643,163
44835.0,137,Evan Engram,TE,TE,NYG,112,-0.015577073001821732,0.11031107183327812,-0.0032906434093372744,-0.008514093183601272,137,25,0.18248175182481752,3.749358480389583,-0.0690426989984083,122
46277.0,138,Cedrick Wilson,WR,WR,DAL,122,-0.015804560192556664,0.0909081200211567,0.06589991994766195,0.011488196548537659,142,20,0.14084507042253522,3.3561151199584267,-0.08008824846910623,95
45185.0,139,Kendrick Bourne,WR,WR,NE,136,-0.01781089699485706,0.07610857812584064,-0.0028463361682467916,-0.010262983322308595,171,35,0.2046783625730994,3.2905850322345147,-0.24395617165881522,127
44978.0,140,Jamal Agnew,WR,WR,JAX,77,-0.01933504635933775,0.11856941907646411,-0.0927327100235753,0.0675691742252716,99,22,0.2222222222222222,3.3334028501263107,-0.2646604912487227,46
52420.0,141,Henry Ruggs,WR,WR,LV,139,-0.020031029585593472,0.07886050114790079,-0.012925175828507395,0.011404528900562847,175,36,0.2057142857142857,3.5040095968132383,-0.09696282832811597,96
45635.0,142,Robert Tonyan,TE,TE,GB,108,-0.020251884200373917,0.10226432862192684,0.08879781058148106,-0.04388713532175016,132,24,0.18181818181818182,3.3811208260433783,-0.43126517191991454,170
45573.0,143,Austin Ekeler,RB,RB,LAC,107,-0.02115934989152709,0.06787053914829869,0.007481512835244157,0.00468680646857659,140,33,0.2357142857142857,5.428759833170932,0.5471368576245363,100
43370.0,144,Austin Hooper,TE,TE,CLE,78,-0.02165655840762394,0.10980291640436743,0.06321870573623398,-0.007905620583708662,104,26,0.25,3.0456664977857546,-0.7809436911410631,121
45785.0,145,Dan Arnold,TE,TE,JAX,100,-0.022215917828028005,0.10609075800101456,0.04550041194381435,-0.04379904812608485,134,34,0.2537313432835821,4.26243656248284,0.7456930684217479,169
42033.0,146,Cameron Brate,TE,TE,TB,122,-0.023035561106412174,0.10634870606832496,0.052458097402788874,0.021539413240926043,146,24,0.1643835616438356,2.779227785136074,-0.7174186476400509,85
42358.0,147,Melvin Gordon,RB,RB,DEN,113,-0.02320693343254554,0.08024091554049587,-0.028182007930044484,-0.09971396044799953,129,16,0.12403100775193798,5.693960057329185,0.8647303126151308,198
52474.0,148,Antonio Gibson,RB,RB,WAS,62,-0.023636820157064503,0.10726588964458676,-0.03593888098582852,-0.05317310217157316,77,15,0.19480519480519481,4.62208459425617,-0.33579328628237853,178
46129.0,149,James Washington,WR,WR,PIT,89,-0.025750977031324174,0.0899720341950292,-0.07884638944209978,-0.06778714935427403,101,10,0.09900990099009901,3.699833938419105,0.03827777860757644,189
46173.0,150,Nyheim Hines,RB,RB,IND,62,-0.027508307508007864,0.07832039792328421,-0.00025539089774330405,-0.015551879507317672,82,20,0.24390243902439024,5.236437217816303,0.5852478812340651,134
41246.0,151,Brandin Cooks,WR,WR,HOU,132,-0.027746604481318826,0.0896360679775248,-0.03265711751405512,-0.06608638202266173,194,62,0.31958762886597936,2.9945263755897176,-0.2516334916552201,188
52442.0,152,Michael Pittman,WR,WR,IND,150,-0.029125459856312468,0.07291071041050501,-0.0070595360569689295,-0.03748889304558762,209,59,0.2822966507177033,3.4026377787709206,-0.11529035974397656,165
43584.0,153,Kalif Raymond,WR,WR,DET,188,-0.029306335242233788,0.06562857696299962,-0.0008699520828968077,-0.00026336776454541886,224,36,0.16071428571428573,4.078639636260669,0.5261301494676685,106
53435.0,154,Jaylen Waddle,WR,WR,MIA,178,-0.03276233256511392,0.07601188484061049,0.03423124445143734,-0.01933624967721363,232,54,0.23275862068965517,3.7546357065998186,0.03854266303800118,139
42363.0,155,Nelson Agholor,WR,WR,NE,172,-0.0342766176343608,0.05984513949884881,0.020304080381769243,-0.039473915370890685,211,39,0.1848341232227488,2.70338740415366,-0.5856449848186591,167
46522.0,156,Byron Pringle,WR,WR,KC,88,-0.03512511716283371,0.09743033321941676,-0.09325378253789506,0.05390011123371359,114,26,0.22807017543859648,4.253497177158194,0.6029606192929985,52
53555.0,157,Chuba Hubbard,RB,RB,CAR,59,-0.0353312799197969,0.09747446286256992,-0.08121895681524183,0.012208162996334806,82,23,0.2804878048780488,5.647820631780597,0.733816025290581,93
53511.0,158,Dyami Brown,WR,WR,WAS,88,-0.036142363584430445,0.10173320394729321,-0.016726710562353378,0.04537383450570718,108,20,0.18518518518518517,3.0074902862362984,-0.41027648490524016,61
46189.0,159,Will Dissly,TE,TE,SEA,72,-0.03627030007379492,0.15403224629589227,0.05991114113939349,-0.02272068180998974,84,12,0.14285714285714285,4.756103131859443,1.10599103070948,143
47969.0,160,Ty Johnson,RB,RB,NYJ,67,-0.038230781030655345,0.07492716308761252,-0.038925157450713614,-0.02335492566165976,91,24,0.26373626373626374,6.769332304604569,2.198430930435373,144
53512.0,161,Tommy Tremble,TE,TE,CAR,66,-0.041194786592863686,0.12973164830320638,0.06636120703205267,-0.009390675458672235,80,14,0.175,3.3377070825414714,-0.30332652549737865,125
47819.0,162,Deebo Samuel,WR,WR,SF,111,-0.042423878552628615,0.10899111815723501,0.008854469378192464,0.0014562588745066858,172,61,0.3546511627906977,3.8378995140393597,0.4346025567543701,103
52513.0,163,Adam Trautman,TE,TE,NO,62,-0.04246647834141817,0.13665517919094747,-0.018010716448503435,-0.06445009288307063,77,15,0.19480519480519481,4.168542243931344,0.4413962190236055,187
46526.0,164,Darrel Williams,RB,RB,KC,100,-0.04458001371923952,0.07563844864434655,-0.07422857413293445,0.024287009072618052,124,24,0.1935483870967742,7.3369923423883066,1.9600416441405129,82
52449.0,165,Jonathan Taylor,RB,RB,IND,68,-0.04579877343738356,0.07511504362202298,-0.003774079155703347,0.050771127763708804,85,17,0.2,5.454458572330321,0.21369622619320885,54
52609.0,166,James Proche,WR,WR,BAL,65,-0.04610384351485475,0.1276435271617518,0.03819480883837842,-0.024254978220557145,74,9,0.12162162162162163,3.3888129799104387,0.13046375882245206,145
44930.0,167,Josh Reynolds,WR,WR,TEN,50,-0.047257763888810596,0.1392119331528028,-0.032252553130952356,-0.10190567221889035,62,12,0.1935483870967742,3.452573203049837,0.02590087479578529,199
44881.0,168,Cooper Kupp,WR,WR,LA,145,-0.04755488638762932,0.08166108735355361,0.0035017110963905473,-0.02495470005854396,229,84,0.36681222707423583,3.2008953958143604,-0.4164513233253305,147
53488.0,169,Terrace Marshall,WR,WR,CAR,97,-0.04795729182615839,0.08822044235441287,-0.0004484361476088048,0.015428776085835644,112,15,0.13392857142857142,3.4698503375112235,-0.1235842938161106,92
35634.0,170,Antonio Brown,WR,WR,TB,82,-0.052844117349065696,0.07581354716936779,-0.07863368614791688,-0.0345700714664775,122,40,0.32786885245901637,3.6328828528139474,0.14785326389390438,162
52441.0,171,Tee Higgins,WR,WR,CIN,102,-0.05519942552552957,0.08442832148162023,0.031079099023778253,-0.0008375978664388835,153,51,0.3333333333333333,2.332174356259681,-0.9748091933423367,107
43362.0,172,Kenyan Drake,RB,RB,LV,74,-0.055220536694126396,0.08408828251826005,-0.023240115803706468,-0.02565249250563001,97,23,0.23711340206185566,5.154496922352781,0.4298129290737446,148
47808.0,173,Marquise Brown,WR,WR,BAL,134,-0.05709351058183137,0.09345785307705694,-0.022478878640922073,0.05836256593641962,183,48,0.26229508196721313,3.9545214075029462,0.5611004763695514,50
40149.0,174,Ryan Griffin,TE,TE,NYJ,74,-0.05989516558728566,0.13819246118439493,-0.046712454700182836,-0.0307373040783084,94,20,0.2127659574468085,4.176501139013611,0.32620146110490544,154
43415.0,175,Demarcus Robinson,WR,WR,KC,170,-0.060703476484029725,0.057543231645414056,0.033246178377324284,-0.01159298159739404,191,21,0.1099476439790576,4.264233191785434,0.9300072538077854,128
37077.0,176,A.J. Green,WR,WR,ARI,129,-0.060709804718545445,0.07548705457626408,-0.02949877583578667,-0.04432152926709729,166,37,0.22289156626506024,3.477486047718979,0.257782323561794,171
52608.0,177,Quez Watkins,WR,WR,PHI,112,-0.06301934365155727,0.0823317629753669,-0.038259941551473574,-0.0900035238076431,131,19,0.1450381679389313,2.694850933846072,-0.5060650526592889,197
41325.0,178,Jerick McKinnon,RB,RB,KC,55,-0.06422374491844225,0.0893588072823407,-0.08313249022261757,-0.05799362931453531,63,8,0.12698412698412698,6.86544315154432,1.054877903322069,181
38947.0,179,Cole Beasley,WR,WR,BUF,139,-0.06503216635656146,0.09052369202281332,0.0035888397340651432,-0.03410385854522674,179,40,0.22346368715083798,3.8336828526333706,0.25597163140693546,160
52451.0,180,Cole Kmet,TE,TE,CHI,101,-0.06582101135347217,0.13183643323661076,-0.022221619898151013,-0.12145369632047766,137,36,0.26277372262773724,3.7405908913859793,-0.037312964347419646,204
47853.0,181,Darrell Henderson,RB,RB,LA,119,-0.06734142340164734,0.07279635998080433,-0.10844464854630531,-0.054351979426770926,137,18,0.13138686131386862,6.194419912417551,1.336163985529212,180
53464.0,182,Javonte Williams,RB,RB,DEN,68,-0.06886433875407345,0.08624982330952034,-0.04759096554205208,-0.0888341751937509,86,18,0.20930232558139536,7.178642931082404,2.0848522038201747,196
52433.0,183,Brandon Aiyuk,WR,WR,SF,114,-0.06893529998689352,0.08361287487167746,-0.037713689561250575,-0.01751769080703304,139,25,0.17985611510791366,2.7215604756218905,-0.5258309663599937,138
46170.0,184,Ian Thomas,TE,TE,CAR,92,-0.07111061949423321,0.12280055716722586,0.03818919554378157,-0.016108564803830782,105,13,0.12380952380952381,4.377679554202283,1.0175850632693737,135
42469.0,185,Mike Davis,RB,RB,ATL,114,-0.07222251990204913,0.06250341571992121,-0.1230559578288881,-0.028509068389350797,144,29,0.2013888888888889,5.34108792675612,-0.46283581667535373,151
44856.0,186,Gerald Everett,TE,TE,SEA,75,-0.07299457025235387,0.1437229621310967,-0.042447475167944275,-0.008646379885904075,89,14,0.15730337078651685,5.142408906379106,1.499566967348839,123
42412.0,187,Tyler Lockett,WR,WR,SEA,117,-0.07524635441612688,0.09162181485761352,-0.011294704826322013,-0.027553460380611985,173,56,0.3236994219653179,3.613990982247445,0.3393056700983056,150
42448.0,188,Jamison Crowder,WR,WR,NYJ,87,-0.075517000312456,0.1347497931724504,0.03137571626092077,-0.0076971413380450245,110,23,0.20909090909090908,4.083911474740123,0.38935216103676923,120
43722.0,189,J.D. McKissic,RB,RB,WAS,103,-0.08023194228982648,0.06662552717760753,0.03156269200153569,-0.10696060879348544,142,39,0.2746478873239437,5.379440880504847,0.4159407471306499,200
44831.0,190,O.J. Howard,TE,TE,TB,55,-0.086779173362107,0.17727431425241388,-0.0660757379864083,-0.2260380993825633,73,18,0.2465753424657534,3.7607865706814274,0.004309746828151501,208
42428.0,191,Tyler Kroft,TE,TE,NYJ,81,-0.08748646715115865,0.13100140169721822,-0.002562952940884438,-0.006907249929141431,94,13,0.13829787234042554,4.364594266133582,0.5293463929142669,119
53449.0,192,Kadarius Toney,WR,WR,NYG,65,-0.08754015556229465,0.10291607818047178,-0.026418164710205347,-0.08513243190833429,90,25,0.2777777777777778,2.8801030122385267,-0.862498184690219,194
52595.0,193,Donovan Peoples-Jones,WR,WR,CLE,85,-0.09044265687555611,0.08548325303927395,-0.0505048072267644,-0.07594544978340893,100,15,0.15,2.942565678458291,-0.7075494101071848,191
52429.0,194,Jalen Reagor,WR,WR,PHI,123,-0.09476807288718266,0.07418624570203158,-0.1053744542041877,-0.08019645753150623,146,23,0.15753424657534246,3.1132561205307216,-0.29773735100116383,193
52440.0,195,Clyde Edwards-Helaire,RB,RB,KC,56,-0.0974698108556742,0.06946464399647083,-0.1561341123457787,-0.0462646781686701,60,4,0.06666666666666667,7.3416509604954765,1.0391617240516458,172
43399.0,196,Tyler Higbee,TE,TE,LA,157,-0.11356075179490796,0.08701672678684193,-0.018996584783432913,-0.031156606496355214,185,28,0.15135135135135136,3.063085237776696,-0.8628575091468835,156
52523.0,197,Harrison Bryant,TE,TE,CLE,51,-0.11687962689117987,0.16014159898946437,-0.10508480151611456,0.056466758436541246,64,13,0.203125,3.6924928687444307,-0.05198284288673576,51
53623.0,198,Elijah Mitchell,RB,RB,SF,50,-0.12710789632630776,0.11139316604946767,0.01359032429854596,0.00013997934101250053,51,1,0.0196078431372549,4.395679697157192,0.13694503883902875,104
47920.0,199,Foster Moreau,TE,TE,LV,71,-0.12850862603383162,0.10550581938459154,-0.048486220488959245,-0.012765439212801597,79,8,0.10126582278481013,3.3771496363817275,0.27572851830916545,130
47932.0,200,Hunter Renfrow,WR,WR,LV,116,-0.1308897449091008,0.08627111399311103,-0.0470057982767819,-0.015328340857489164,161,45,0.2795031055900621,3.9151161431256596,0.1275387801874412,133
46279.0,201,Braxton Berrios,WR,WR,NYJ,75,-0.1359786247723897,0.13940254681238848,-0.10567730657814549,-0.14438320468518998,96,21,0.21875,4.4110380390202675,0.6963555023780336,207
52584.0,202,K.J. Osborn,WR,WR,MIN,141,-0.13716407653439083,0.0827138907925514,-0.15396589636313554,-0.03232942650579495,177,36,0.2033898305084746,3.7314766347969552,0.05538583928925932,158
43461.0,203,Rashard Higgins,WR,WR,CLE,78,-0.15572773528863684,0.12931378304549415,-0.1423560564096214,-0.12378232779751837,103,25,0.24271844660194175,3.503258443922639,0.04915962424199107,205
42794.0,204,DeAndre Carter,WR,WR,WAS,68,-0.16174933081042464,0.09390853204526063,-0.037653704302685644,-0.015076916053532775,81,13,0.16049382716049382,3.9795832617446965,0.7123867841842126,132
52622.0,205,Freddie Swain,WR,WR,SEA,119,-0.1640026335589016,0.11186380720927377,-0.15148971786442494,-0.053567221612771644,139,20,0.14388489208633093,4.1348794978029755,0.47110075594473744,179
43010.0,206,Adam Humphries,WR,WR,WAS,162,-0.17138916703983284,0.07442137363363956,-0.0873643420791392,-0.06089736870547429,189,27,0.14285714285714285,4.392811085093078,0.8721724584092774,182
44912.0,207,Jonnu Smith,TE,TE,NE,63,-0.18164069451936085,0.14644577960058297,-0.19623601849276504,-0.3006505425323677,88,25,0.2840909090909091,5.159935786767343,1.1038366802643154,210
38613.0,208,Mohamed Sanu,WR,WR,SF,89,-0.20273380493876256,0.10195802769958369,-0.21212336176812702,-0.11952969967286971,110,21,0.19090909090909092,3.629554064559245,0.3372482329330767,203
45355.0,209,Anthony Firkser,TE,TE,TEN,80,-0.2400073438832791,0.12786902894326707,-0.15002684616610412,-0.13788325976628596,96,16,0.16666666666666666,3.9128968002067586,0.2312366223939063,206
53478.0,210,Rondale Moore,WR,WR,ARI,81,-0.31261723216334525,0.11676581936730455,-0.2993165329987202,-0.2594228395899467,95,14,0.14736842105263157,5.735115526571808,1.5575628190419308,209
