possessionTeam,goe_pre,routes,ci95
PIT,0.09456507041308951,820,0.03611427184613648
BUF,0.06412898783168917,802,0.03584518109969412
DET,0.05846983871611558,1069,0.030064276168976372
DEN,0.05559053904897659,921,0.033036678664534254
MIA,0.05510907935846893,939,0.03205621407721108
NYG,0.04751955371619916,886,0.030228036617437278
LAC,0.046576216702993264,889,0.03131465558685182
HOU,0.041455008798840724,725,0.03874963896854612
DAL,0.03564470914071576,845,0.033435351577907155
CIN,0.03477779948666336,824,0.032444809702080184
ATL,0.032851477943806655,925,0.03329414239236984
CHI,0.024184330033332126,660,0.042413802047750915
ARI,0.02309438016126914,690,0.040460995454027725
MIN,0.02220037161727911,811,0.0334948844703562
TB,0.022130949607502507,1064,0.02968958793085649
IND,0.015030477755356337,795,0.03455803542456987
JAX,0.014494401387753611,871,0.033570526521118645
NE,0.01424397266027325,912,0.035791075061479764
NO,0.012935767261068697,470,0.044887151282963285
PHI,0.009643141335361061,739,0.033208271266820175
TEN,0.0073928896385113746,820,0.03734976774171194
GB,0.007069104101598049,690,0.03642692675086862
BAL,0.0013139379520699355,747,0.036839058261128245
CAR,-0.0017299444296469495,866,0.031672062248594215
KC,-0.014230210265400958,1048,0.02941728495170549
LA,-0.014894760222070036,868,0.03088581231320124
LV,-0.01821108108599313,841,0.0324825900087957
NYJ,-0.021811998702979674,849,0.03640575893425168
CLE,-0.024411117389315715,676,0.03841937214331327
SF,-0.037421359823794964,671,0.040486466245113324
WAS,-0.037871569382441746,938,0.03162902996519863
SEA,-0.03792139851377917,667,0.040897336985801974
